id,dosage
4368,1.002
26305,0.937
26306,1.000
26307,1.000
26308,1.000
26309,2.000
26310,1.000
26312,0.000
26313,1.000
26315,1.000
26316,1.000
26317,0.989
26318,0.000
26319,1.000
26320,0.959
26321,1.000
26322,1.996
26323,1.748
26324,2.000
26325,0.000
26326,1.000
26327,0.000
26328,1.000
26329,1.999
26330,1.023
26331,1.797
26332,1.000
26333,0.000
26334,1.000
26335,2.000
26336,1.985
26338,2.000
26339,2.000
26340,1.987
26341,1.000
26342,0.000
26343,1.000
26344,1.000
26345,2.000
26346,1.000
26347,0.000
26348,0.004
26349,0.273
26350,1.000
26354,0.940
26501,2.000
26502,2.000
26503,2.000
26504,2.000
26505,1.000
26506,1.000
26507,1.000
26508,1.000
26509,1.000
26510,2.000
26511,1.000
26512,0.000
26513,1.967
26514,1.000
26515,0.000
26516,0.000
26517,2.000
26518,0.221
26519,0.001
26521,1.000
26522,2.000
26523,1.266
26524,0.502
26525,1.000
26526,1.995
26527,1.973
26528,2.000
26529,2.000
26531,0.308
26532,0.718
26533,0.844
26534,1.000
26535,1.000
26536,1.997
26537,1.000
26538,0.000
26539,2.000
26540,0.000
26541,1.002
26543,1.000
26544,1.000
26545,1.000
26546,1.000
26547,2.000
26548,0.945
26646,1.000
26647,0.005
26648,1.006
26649,1.994
26651,1.897
26652,2.000
26653,1.000
26655,1.904
26657,1.000
26659,1.000
26660,1.874
26661,0.006
26662,0.074
26664,1.000
26665,2.000
26667,1.000
26668,2.000
26671,1.924
26672,1.000
26673,1.000
26701,1.994
26702,1.000
26703,1.031
26704,1.897
26705,0.992
26706,2.000
26707,1.000
26708,2.000
26710,1.927
26711,1.990
26712,1.934
26713,1.999
26715,1.995
26716,0.972
26717,0.000
26718,1.000
26720,0.000
42402,2.000
42403,0.000
42404,0.000
42405,0.000
42406,1.000
42407,1.000
42408,1.000
42409,1.000
42410,1.065
42412,2.000
42413,1.990
42414,0.000
42415,1.000
42416,1.000
42421,0.075
42422,1.000
42423,2.000
42424,1.000
42425,1.997
42426,1.000
42427,1.000
42428,0.000
42429,1.985
42430,2.000
42432,1.000
42433,1.000
42434,1.000
42435,0.894
42436,2.000
42438,1.000
42439,1.000
42440,1.000
42442,0.000
42443,2.000
42444,1.000
42445,1.998
42446,0.000
42447,0.000
42601,1.000
42602,1.000
42604,2.000
42605,1.000
42606,0.000
42609,1.000
42611,1.000
42612,1.000
42613,0.000
42614,1.000
42615,1.000
42616,1.000
42617,1.000
42618,2.000
42619,0.000
42620,1.000
42621,1.000
42622,0.000
42624,0.000
42625,2.000
42626,1.000
42628,1.000
42629,0.349
42630,1.000
42632,0.000
42633,1.000
42634,1.000
42636,1.951
42638,1.000
42639,2.000
42640,1.000
42642,1.002
42644,1.000
42812,2.000
42813,2.000
42814,1.057
42816,0.000
42817,2.000
42818,0.000
42820,1.000
42821,1.005
42822,0.000
42823,2.000
42824,1.000
42825,1.000
42827,0.000
42828,2.000
42829,1.000
42830,2.000
42831,2.000
42832,1.446
42834,2.000
42836,0.000
42837,1.000
42838,1.000
42839,1.000
42840,1.000
42841,1.000
42842,1.000
42843,2.000
42844,2.000
42845,1.977
42846,1.809
42847,1.000
42848,2.000
42849,0.000
42850,2.000
42852,0.000
42853,2.000
42854,1.000
42855,1.000
42856,1.000
42857,1.000
42858,1.000
42865,1.000
42866,1.000
42867,2.000
42869,1.000
42870,1.907
42871,1.000
42916,1.000
42917,1.000
42919,0.000
42920,0.000
42921,1.000
42922,1.095
42923,0.000
42924,0.000
42925,1.000
42926,2.000
42927,0.000
42928,0.006
42929,1.998
42930,0.000
42931,1.000
42932,1.000
42933,0.000
42934,1.000
42935,1.000
42936,0.000
42938,0.000
42939,1.000
42940,0.075
42941,1.000
42945,1.995
42947,2.000
42948,1.000
42949,2.000
42950,1.000
42951,1.000
42952,1.000
42955,1.000
42958,2.000
42959,1.000
42960,0.000
42961,1.276
42963,1.000
43143,1.000
43144,2.000
43145,2.000
43148,1.000
43149,0.000
43152,1.000
43153,2.000
43154,0.000
43155,1.935
43156,1.000
43157,2.000
43158,2.000
43159,2.000
43163,1.000
43164,1.818
43165,1.894
43168,1.097
43169,0.007
43170,2.000
43171,1.000
43174,1.000
43175,2.000
43176,0.058
43177,1.000
43178,1.001
43179,1.996
43182,1.000
43183,1.000
43184,1.000
43185,1.000
43186,1.540
43190,2.000
43191,0.000
43325,0.994
43326,1.000
43327,2.000
43329,1.000
43330,1.000
43331,2.000
43332,0.000
43333,1.195
43334,1.992
43335,0.000
43336,2.000
43337,1.160
43338,0.000
43339,1.000
43340,1.000
43341,0.000
43342,0.962
43343,1.000
43344,1.153
43345,0.003
43346,1.000
43347,1.000
43348,1.000
43349,2.000
43350,1.934
43351,1.000
43352,1.000
43353,0.000
43354,0.000
43355,1.000
43356,1.000
43357,0.000
43358,1.000
43359,1.000
43360,1.000
43361,0.000
43362,1.000
43363,0.000
43364,1.370
43365,1.000
43366,0.146
43367,1.000
43368,1.000
43369,0.402
43370,0.000
43371,2.000
43372,0.000
43416,1.965
43417,1.000
43418,1.000
43419,1.000
43420,1.957
43421,1.000
43422,0.117
43424,1.000
43425,1.000
43426,1.098
43427,1.973
43428,0.927
43429,2.000
43431,0.143
43433,0.000
43436,0.033
43437,1.000
43438,2.000
43439,0.046
43440,1.046
43441,1.000
43442,0.034
43443,2.000
43445,2.000
43446,1.922
43448,1.000
43449,1.000
43450,1.000
43451,1.000
43452,0.347
43453,0.717
43454,1.000
43455,1.000
43456,1.000
43459,1.000
43460,0.000
43461,1.000
43462,1.000
43725,1.981
43726,2.000
43730,1.000
43731,1.000
43732,1.000
43733,0.000
43734,1.000
43735,0.000
43736,1.000
43737,0.000
43738,1.000
43740,1.999
43741,1.996
43743,1.000
43744,0.950
43746,1.000
43748,1.249
43749,0.000
43751,0.000
43753,1.000
43754,1.000
43755,1.000
43756,1.105
43758,1.000
43760,1.000
43761,2.000
43762,0.757
43763,1.000
43764,2.000
43765,2.000
43766,1.000
43768,0.001
43769,1.000
43770,2.000
43771,0.000
43772,0.000
43902,2.000
43903,1.923
43904,1.000
43906,2.000
43907,0.000
43908,1.596
43910,1.913
43911,1.000
43912,1.000
43913,0.000
43914,1.000
43915,2.000
43916,0.000
43917,1.000
43918,0.005
43920,0.000
43921,1.000
43922,1.000
43923,1.000
43925,0.000
43926,1.000
43927,1.000
43928,1.000
43929,1.000
43930,1.990
43932,1.000
43933,1.000
43934,1.000
43936,1.176
43937,1.000
43938,2.000
43939,1.000
43940,1.000
43941,1.601
43942,1.000
43943,1.000
43944,1.000
43945,0.000
43946,0.003
43947,1.000
43948,2.000
44230,2.000
44231,1.000
44232,0.000
44233,1.000
44234,2.000
44235,2.000
44236,0.000
44237,0.000
44238,0.000
44239,1.000
44240,1.080
44241,0.000
44242,1.002
44243,1.000
44244,0.000
44245,1.598
44246,1.000
44247,1.000
44248,1.000
44249,2.000
44250,1.000
44251,2.000
44252,1.000
44253,1.000
44254,0.803
44255,1.000
44256,2.000
44257,1.000
44258,0.000
44259,1.000
44260,2.000
44261,0.984
44262,0.000
44263,0.000
44265,1.924
44266,1.000
44267,1.000
44268,2.000
44269,0.000
44270,0.962
44271,0.000
44272,1.000
44273,2.000
44274,1.000
44276,1.000
44277,2.000
44367,2.000
44369,1.000
44370,1.000
44458,1.000
44459,1.000
44461,1.000
44463,1.000
44464,2.000
44465,1.005
44466,0.000
44467,1.962
44469,2.000
44470,1.000
44471,0.000
44472,0.465
44473,1.000
44474,1.000
44475,1.000
44477,1.000
44478,1.000
44479,1.000
44480,0.816
44482,2.000
44483,1.998
44484,1.000
44485,1.000
44486,1.913
44487,2.000
44488,1.080
44490,1.000
44491,1.000
44492,0.000
44493,1.000
44494,1.000
44495,1.000
44496,0.000
44497,1.000
44498,1.998
44499,1.759
44500,0.331
44573,1.000
44574,0.000
44801,0.000
44803,2.000
44804,2.000
44806,1.966
44807,1.000
44808,2.000
44809,0.084
44810,1.999
44811,0.999
44813,0.000
44814,0.000
44815,1.000
44816,1.000
44818,1.000
44819,2.000
44820,0.000
44821,1.000
44822,1.000
44823,0.877
44824,0.017
44825,0.000
44826,2.000
44827,1.000
44828,0.000
44829,1.000
44830,1.000
44831,0.000
44832,1.000
44833,0.000
44834,0.018
44835,1.998
44837,0.000
44838,2.000
44839,1.000
44840,0.000
44841,1.100
44842,1.000
44843,2.000
44844,0.000
44846,1.000
44847,1.000
44848,1.000
45001,1.000
45002,2.000
45003,1.000
45004,1.950
45005,2.000
45007,0.000
45008,1.989
45009,1.000
45010,1.000
45011,1.000
45012,1.000
45013,1.000
45014,1.000
45015,1.000
45016,1.968
45021,2.000
45022,2.000
45023,1.000
45024,1.000
45025,2.000
45026,0.000
45027,1.915
45028,0.000
45029,1.000
45030,2.000
45031,1.000
45032,1.000
45033,1.000
45034,0.000
45036,0.000
45037,0.000
45038,1.000
45039,1.000
45040,1.000
45041,0.872
45042,1.000
45043,0.000
45044,0.000
45045,1.000
45046,0.001
45048,2.000
45063,1.000
45064,1.000
45065,1.533
45066,1.000
45067,2.000
45068,1.997
45069,1.000
45070,1.000
45071,2.000
45072,0.170
45073,2.000
45074,0.000
45201,2.000
45202,2.000
45203,1.342
45204,1.000
45205,1.000
45206,1.000
45207,2.000
45208,1.000
45209,1.400
45210,1.909
45211,2.000
45212,1.000
45213,1.000
45214,1.000
45215,1.000
45216,1.000
45217,2.000
45218,1.000
45219,0.451
45220,2.000
45221,2.000
45222,2.000
45223,2.000
45224,0.034
45225,1.000
45226,1.000
45227,1.000
45230,1.000
45231,0.001
45232,0.000
45233,1.000
45234,1.000
45235,2.000
45236,2.000
45258,1.000
45259,2.000
45260,0.000
45261,0.000
45262,2.000
45264,1.000
45265,1.000
45266,0.000
45267,1.000
45268,0.000
45269,1.000
45271,1.000
45272,1.000
45273,0.034
45274,0.000
45275,1.000
45276,1.000
45277,1.000
45278,2.000
45279,0.000
45280,0.000
45281,1.000
45282,1.000
45283,2.000
45284,1.000
45285,0.000
45286,0.000
45287,2.000
45288,0.000
45289,1.000
45290,1.000
45291,1.000
45292,1.000
45293,1.000
45295,2.000
45296,0.000
45297,1.000
45298,1.913
45299,0.000
45300,1.000
45412,1.913
45413,0.000
45414,0.000
45415,1.000
45649,1.000
45650,2.000
45651,1.000
45652,0.000
45654,1.000
45655,2.000
45656,2.000
45658,1.997
45660,0.850
45661,1.000
45664,1.991
45665,1.009
45666,1.000
45667,1.930
45668,1.000
45670,0.000
45671,0.000
45672,1.000
45673,1.000
45674,1.000
45675,1.000
45676,1.000
45677,1.000
45678,0.998
45679,1.000
45680,1.000
45681,2.000
45682,2.000
45683,1.000
45684,1.000
45685,1.998
45686,0.845
45687,1.000
45688,1.000
45689,1.992
45690,0.000
45691,2.000
45692,1.969
45693,0.002
45694,1.000
45696,1.000
45823,0.646
45824,2.000
45825,2.000
45826,1.000
45827,0.000
45829,1.000
45830,1.000
45831,1.000
45833,0.000
45835,2.000
45836,0.998
45837,1.000
45838,0.006
45839,1.000
45840,0.984
45841,2.000
45842,2.000
45845,1.997
45846,2.000
45847,1.000
45848,2.000
45849,1.000
45850,1.000
45851,2.000
45852,1.567
45853,2.000
45855,0.000
45856,1.999
45857,1.000
45858,0.000
45859,1.000
45860,2.000
45861,1.000
45862,0.000
45863,1.000
45864,0.001
45865,1.000
45867,1.000
45868,1.000
45869,0.000
45870,0.000
46227,2.000
46228,0.000
46229,1.000
46230,0.925
46232,1.000
46233,1.000
46234,0.000
46236,0.990
46237,2.000
46238,2.000
46239,0.991
46241,1.000
46242,1.000
46243,1.000
46244,0.027
46245,0.059
46246,2.000
46247,1.000
46248,2.000
46249,0.000
46250,1.000
46261,1.000
46262,1.000
46264,1.000
46265,1.988
46266,1.999
46267,0.002
46268,2.000
46269,2.000
46270,1.189
46271,1.035
46272,1.000
46273,2.000
46274,1.000
46275,0.000
46276,1.000
46277,1.000
46278,1.000
46280,1.000
46281,0.000
46282,1.000
46283,2.000
46760,2.000
46761,2.000
46762,0.000
46763,2.000
46764,2.000
46766,1.100
46767,2.000
46768,1.164
46769,0.132
46770,1.000
46771,0.000
46774,0.046
46775,1.968
46776,0.015
46777,0.000
46778,1.000
46780,1.162
46781,0.000
46782,1.000
46783,0.884
46784,2.000
46785,0.000
46786,2.000
46787,0.004
46788,1.000
46789,1.000
46790,1.000
46791,1.000
46792,1.000
46794,2.000
46795,1.909
46796,1.946
46797,1.951
46798,0.000
46799,1.000
46800,1.000
46801,1.000
46802,1.000
46803,1.000
46805,1.000
46806,1.909
46807,0.000
46808,2.000
46809,2.000
46810,1.000
46811,0.047
46812,2.000
46813,0.293
46814,1.952
46815,0.141
46816,1.000
46817,1.000
46818,1.321
46819,0.000
46820,1.000
46821,1.000
46822,1.000
46823,1.927
46824,1.810
46825,1.000
46826,1.984
46827,0.546
46828,1.942
46829,0.269
46830,1.134
46832,1.000
46833,2.000
46834,0.000
46835,0.000
46836,1.000
46837,1.009
46838,1.000
46839,1.000
46840,1.000
46841,2.000
46842,1.000
46843,1.000
46845,0.000
46846,1.000
46847,1.000
46848,1.000
46849,2.000
46861,0.000
46862,1.000
46863,0.000
46864,2.000
46865,0.006
46866,0.550
46867,1.000
46868,2.000
46876,1.995
46878,2.000
46879,2.000
46880,0.000
46881,1.987
46882,2.000
46883,0.000
46884,0.000
46886,1.996
46887,2.000
46889,0.000
46890,0.000
46891,2.000
46892,0.000
46893,2.000
46895,1.000
46896,0.363
46897,1.000
46898,2.000
47002,1.996
47003,1.000
47004,0.000
47005,1.000
47006,0.000
47008,1.994
47009,1.000
47010,2.000
47011,0.086
47012,2.000
47013,1.600
47014,1.989
47015,1.000
47016,1.835
47017,1.000
47018,2.000
47019,1.000
47020,2.000
47021,2.000
47022,0.018
47023,2.000
47024,1.000
47025,1.808
47026,1.834
47027,2.000
47028,0.053
47029,2.000
47030,0.890
47032,1.963
47033,0.974
47034,1.718
47035,1.985
47036,0.000
47038,0.933
47039,1.997
47040,1.979
47041,1.715
47042,1.002
47044,1.159
47045,1.006
47046,1.000
47047,1.000
47048,0.593
47049,1.000
47050,1.113
47051,1.998
47052,2.000
47053,1.903
47054,1.582
47055,1.000
47056,1.000
47057,1.000
47058,1.000
47059,1.000
47060,0.000
47061,1.000
47062,2.000
47063,2.000
47064,2.000
47065,2.000
47066,0.562
47067,2.000
47068,1.000
47069,1.000
47071,0.012
47072,1.000
47073,1.000
